matchup,page,date,content_type,collection,pages
Old Warden v Edworth,1,19390624,match information,Tony Webb minor counties collection,1
Shire Hall v Ickwell,1,19390627,match information,Tony Webb minor counties collection,1
Howard v Kempston Methodists,1,19390628,match information,Tony Webb minor counties collection,1
Little Staughton v Stevington,1,19390624,match information,Tony Webb minor counties collection,1
Colmworth v Woodbury,1,19390624,match information,Tony Webb minor counties collection,1
Goldington Road School v Silver Jubilee School,1,19390627,match information,Tony Webb minor counties collection,1
Caldecote II v RBS,1,19390624,match information,Tony Webb minor counties collection,1
Ickwell II v Renhold,1,19390624,match information,Tony Webb minor counties collection,1
Bedford Modern School v Northants Amateurs,2,19390712,match information,Tony Webb minor counties collection,1
Ampthill v Clophill,2,19390708,match information,Tony Webb minor counties collection,1
Bedfordshire v Oxfordshire,3,19390731,match information,Tony Webb minor counties collection,1
Bedfordshire v Buckinghamshire,3,19390802,match information,Tony Webb minor counties collection,1
Bedfordshire v Hertfordshire,3,19390728,match information,Tony Webb minor counties collection,1
Old Bedfordians v Bedford School,3,19390728,match information,Tony Webb minor counties collection,1
Bedford Town v Harrow Town,3,19390729,match information,Tony Webb minor counties collection,2
Bedford Martlets v Royal Marines Chatham,3,19390803,match information,Tony Webb minor counties collection,1
Bedford Martlets match list,3,19390812,team information,Tony Webb minor counties collection,1
Modern School player statistics,3,19390000,statistics,Tony Webb minor counties collection,1
Old Bedfordians v Bedford School,4,19390729,match information,Tony Webb minor counties collection,1
Old Modernians v Modern School,4,19390727,match information,Tony Webb minor counties collection,1
Bedfordshire cricket week,4,19390731,newspaper cuttings,Tony Webb minor counties collection,1
Bedford Martlets v Bedford Clarence,4,19390729,match information,Tony Webb minor counties collection,1
Harrow Town v Bedford Town,5,19390729,match information,Tony Webb minor counties collection,2
Bedford Town Second XI v Bury St Edmunds,5,19390729,match information,Tony Webb minor counties collection,1
Shire Hall v Eaton Socon,5,19390729,match information,Tony Webb minor counties collection,1
Barclays Bank Luton v Aspley Guise,5,19390729,match information,Tony Webb minor counties collection,1
Woburn Town v Shire Hall Second XI,5,19390729,match information,Tony Webb minor counties collection,1
Goldington Road School v The Rest,5,19390728,match information,Tony Webb minor counties collection,1
RAF Henlow v Luton Town Wednesday,5,19390729,match information,Tony Webb minor counties collection,1
Harpur Sports v Biggleswade,5,19390729,match information,Tony Webb minor counties collection,1
Hospital Cup Final,5,19390805,match information,Tony Webb minor counties collection,1
Bedford and District League fixtures,5,19390800,league information,Tony Webb minor counties collection,1
Bedfordshire v Oxfordshire,6,19390807,fixture information,Tony Webb minor counties collection,1
Bedfordshire v Buckinghamshire,6,19390809,fixture information,Tony Webb minor counties collection,1
Bedfordshire v Hertfordshire,6,19390811,fixture information,Tony Webb minor counties collection,1
Ickwell v Kempston,6,19390729,match information,Tony Webb minor counties collection,1
Goldington v Ridgmont,6,19390729,match information,Tony Webb minor counties collection,1
Thurleigh v Cople,6,19390729,match information,Tony Webb minor counties collection,1
Keysoe v Forders Elstow,6,19390729,match information,Tony Webb minor counties collection,1
Colmworth v Roxton,6,19390729,match information,Tony Webb minor counties collection,1
Baptist v Harrold,6,19390729,match information,Tony Webb minor counties collection,1
Little Staughton v Sharnbrook,6,19390729,match information,Tony Webb minor counties collection,1
Oakley v Queen's Juniors,6,19390729,match information,Tony Webb minor counties collection,1
Wilden v Ickwell,6,19390729,match information,Tony Webb minor counties collection,1
Tempsford v Great Barford Second XI,6,19390729,match information,Tony Webb minor counties collection,1
Bedfordshire v Oxfordshire,7,19390807,match information,Tony Webb minor counties collection,1
Bedfordshire v Buckinghamshire,7,19390805,match information,Tony Webb minor counties collection,1
Bedfordshire v Suffolk,7,19390807,match information,Tony Webb minor counties collection,1
Marston v Shire Hall Seconds,7,19390805,match information,Tony Webb minor counties collection,1
Marston v Shire Hall Seconds,7,19390909,match information,Tony Webb minor counties collection,1
Henlow v Welwyn Garden City,8,19390807,match information,Tony Webb minor counties collection,1
Great Barford v Warboys,8,19390807,match information,Tony Webb minor counties collection,1
Woburn v Clapton Obs,8,19390807,match information,Tony Webb minor counties collection,1
Ampthill v Wolverton Technical College,8,19390807,match information,Tony Webb minor counties collection,1
Yelling v Potton Town,8,19390807,match information,Tony Webb minor counties collection,1
Biggleswade v Caldecote,8,19390807,match information,Tony Webb minor counties collection,1
Pulloxhill v H Westrope's XI,9,19390807,match information,Tony Webb minor counties collection,1
Royston v Bedford Town Second XI,9,19390807,match information,Tony Webb minor counties collection,1
Olney Town v Bozeat,9,19390805,match information,Tony Webb minor counties collection,1
Bedfordshire v Hertfordshire,9,19390805,match information,Tony Webb minor counties collection,1
Peterborough Town v Bedford Town,9,19390800,fixture information,Tony Webb minor counties collection,1
Shire Hall v Harpur Sports,9,19390800,fixture information,Tony Webb minor counties collection,1
Bedford Town Second XI v Peterborough Town Second XI,9,19390800,fixture information,Tony Webb minor counties collection,1
Igranie v Woburn,9,19390800,fixture information,Tony Webb minor counties collection,1
Eversholt v Ampthill,9,19390800,fixture information,Tony Webb minor counties collection,1
Biggleswade v Aspley Guise,9,19390800,fixture information,Tony Webb minor counties collection,1
Houghton Regis v Bedford Argus,9,19390800,fixture information,Tony Webb minor counties collection,1
Stewartby Works v St Neots,9,19390800,fixture information,Tony Webb minor counties collection,1
The Depot Beds and Herts Regt v Bromham,9,19390800,fixture information,Tony Webb minor counties collection,1
Potton v Old Warden,9,19390800,fixture information,Tony Webb minor counties collection,1
Oakfield Nurseries Ampthill v Biggleswade Second XI,9,19390800,fixture information,Tony Webb minor counties collection,1
Flitwick Ramblers Second XI v Shire Hall Second XI,9,19390800,fixture information,Tony Webb minor counties collection,1
Leighton Buzzard Second XI v Dominion Dairy,9,19390800,fixture information,Tony Webb minor counties collection,1
Wolverton Technical College v Stewartby Works Second XI,9,19390800,fixture information,Tony Webb minor counties collection,1
Harpur Sports v Caldecote,9,19390800,fixture information,Tony Webb minor counties collection,1
Everton v Kempston,9,19390800,fixture information,Tony Webb minor counties collection,1
Lynton Works v Felmersham,9,19390800,fixture information,Tony Webb minor counties collection,1
Marston v Blunham,9,19390800,fixture information,Tony Webb minor counties collection,1
Forders Elstow v Cople,9,19390800,fixture information,Tony Webb minor counties collection,1
Thurleigh v Stagsden,9,19390800,fixture information,Tony Webb minor counties collection,1
Goldington v Clapham,9,19390800,fixture information,Tony Webb minor counties collection,1
Great Staughton v Keysoe,9,19390800,fixture information,Tony Webb minor counties collection,1
Lavendon v North Crawley,9,19390800,fixture information,Tony Webb minor counties collection,1
Wood End v Marston Second XI,9,19390800,fixture information,Tony Webb minor counties collection,1
Wootton v Oakley,9,19390800,fixture information,Tony Webb minor counties collection,1
Trades Club v Great Staughton Second XI,9,19390800,fixture information,Tony Webb minor counties collection,1
Baptist v Sharnbrook,9,19390800,fixture information,Tony Webb minor counties collection,1
Stevington v Harrold,9,19390800,fixture information,Tony Webb minor counties collection,1
Pavenham v Little Staughton,9,19390800,fixture information,Tony Webb minor counties collection,1
Coldesden v Everton Second XI,9,19390800,fixture information,Tony Webb minor counties collection,1
Colmworth v RAF Cardington,9,19390800,fixture information,Tony Webb minor counties collection,1
Roxton v Woodbury,9,19390800,fixture information,Tony Webb minor counties collection,1
Tempsford Second XI v Lynton Works Second XI,9,19390800,fixture information,Tony Webb minor counties collection,1
Ickwell Second XI v RBS,9,19390800,fixture information,Tony Webb minor counties collection,1
Wilden and Ravensden v Renhold,9,19390800,fixture information,Tony Webb minor counties collection,1
Pertenhall v Great Barford Second XI,9,19390800,fixture information,Tony Webb minor counties collection,1
Caldecote Second XI v Blunham Second XI,9,19390800,fixture information,Tony Webb minor counties collection,1
Peterborough v Bedford,10,19390812,match information,Tony Webb minor counties collection,1
Bedford Town Second XI v Peterborough Town Second XI,10,19390812,match information,Tony Webb minor counties collection,1
Stewartby v St Neots,10,19390812,match information,Tony Webb minor counties collection,1
Henlow Second XI v Clophill,10,19390812,match information,Tony Webb minor counties collection,1
Hexton v Pulloxhill,10,19390812,match information,Tony Webb minor counties collection,1
Beds And Herts Depot v Bromham,10,19390812,match information,Tony Webb minor counties collection,1
Poddington v Rockingham,10,19390812,match information,Tony Webb minor counties collection,1
Bedford Martlets v Royal Marines,11,19390812,match information,Tony Webb minor counties collection,1
Bedford Martlets v KCMH,11,19390812,match information,Tony Webb minor counties collection,1
Bedford Martlets v Barming,11,19390812,match information,Tony Webb minor counties collection,1
Bedford Martlets v Tonbridge,11,19390812,match information,Tony Webb minor counties collection,1
Bedford Martlets v Linden Park,11,19390812,match information,Tony Webb minor counties collection,1
Bedford Martlets v Whitstable And Tankerton,11,19390812,match information,Tony Webb minor counties collection,1
Bedford Martlets v Frindsbury,11,19390812,match information,Tony Webb minor counties collection,1
Bedford Martlets v Gravesend,11,19390812,match information,Tony Webb minor counties collection,1
Bedford Martlets v Hythe,11,19390812,match information,Tony Webb minor counties collection,1
Bedford Martlets v Evans XI,11,19390812,match information,Tony Webb minor counties collection,1
Letchworth v Henlow,11,19390812,match information,Tony Webb minor counties collection,1
Biggleswade v Aspley Guise,11,19390812,match information,Tony Webb minor counties collection,1
Eversholt v Ampthill,11,19390812,match information,Tony Webb minor counties collection,1
Houghton Regis v Argus,11,19390812,match information,Tony Webb minor counties collection,1
C A White XI v Flitwick Ramblers,11,19390812,match information,Tony Webb minor counties collection,1
Kimbolton Second XI v Dean,11,19390812,match information,Tony Webb minor counties collection,1
Silsoe v Oakfield Mushroom Nurseries,11,19390812,match information,Tony Webb minor counties collection,1
Harpur Sports v Shire Hall,12,19390812,match information,Tony Webb minor counties collection,1
Thurleigh v Stagsden,12,19390812,match information,Tony Webb minor counties collection,1
St Neots II v Tempsford,12,19390812,match information,Tony Webb minor counties collection,1
Little Wymondley v London BC Sports,12,19390812,match information,Tony Webb minor counties collection,1
Marston v Blunham,12,19390812,match information,Tony Webb minor counties collection,1
Caldecote,12,19390819,team information,Tony Webb minor counties collection,1
Olney Town v Daimler Aero Engines,12,19390812,match information,Tony Webb minor counties collection,1
Bedford v Hitchin,13,19390819,match information,Tony Webb minor counties collection,2
Aspley Guise v Bedford Town Second XI,13,19390819,match information,Tony Webb minor counties collection,1
County Council Depot team aggregates,13,19390000,statistics,Tony Webb minor counties collection,1
County Council Depot v Bromham,13,19390819,match information,Tony Webb minor counties collection,1
Eversholt v Argus,13,19390819,match information,Tony Webb minor counties collection,1
Leighton Thursday v Bedford Banks,13,19390819,match information,Tony Webb minor counties collection,1
Harpur Sports v London Brick Company,13,19390819,match information,Tony Webb minor counties collection,1
Henlow v RAF Cardington,13,19390819,match information,Tony Webb minor counties collection,2
RAF Cardington v Upwood,13,19390823,match information,Tony Webb minor counties collection,1
Kempston v Lynton Works,14,19390819,match information,Tony Webb minor counties collection,1
Kent's Athletic v Biggleswade,14,19390819,match information,Tony Webb minor counties collection,1
Biggleswade Second XI v Kent's Athletic Second XI,14,19390819,match information,Tony Webb minor counties collection,1
Bedford Clarence v Beds And Herts Depot,14,19390819,match information,Tony Webb minor counties collection,1
Old Warden v Potton,14,19390819,match information,Tony Webb minor counties collection,1
Henlow Second XI v Three Counties Mental Hospital A,14,19390819,match information,Tony Webb minor counties collection,1
Pulloxhill v Luton Montrose,14,19390819,match information,Tony Webb minor counties collection,1
Davis Athletic v Flitwick Ramblers Second XI,14,19390819,match information,Tony Webb minor counties collection,1
London Brick Company Sports v Tottenham Gas Company,14,19390819,match information,Tony Webb minor counties collection,1
Letchworth v RAF Henlow,14,19390819,match information,Tony Webb minor counties collection,1
RAF Henlow v RAF Uxbridge,14,19390819,match information,Tony Webb minor counties collection,1
RAF Henlow v De Havilland,14,19390819,match information,Tony Webb minor counties collection,1
Flitwick Ramblers v Markyate,14,19390819,match information,Tony Webb minor counties collection,1
Caldecote v Ickwell,15,19390819,match information,Tony Webb minor counties collection,1
Harrold v Bedford Baptists,15,19390819,match information,Tony Webb minor counties collection,1
Stevington v Little Staughton,15,19390819,match information,Tony Webb minor counties collection,1
Great Staughton v Great Barford,15,19390819,match information,Tony Webb minor counties collection,1
Marston Second XI v Oakley,15,19390819,match information,Tony Webb minor counties collection,1
Great Barford Second XI v Ravensden And Wilden,15,19390819,match information,Tony Webb minor counties collection,1
Stagsden v Ridgmont,15,19390819,match information,Tony Webb minor counties collection,1
Thurleigh v Keysoe,15,19390819,match information,Tony Webb minor counties collection,1
Commer Cars v Shire Hall,15,19390819,match information,Tony Webb minor counties collection,1
Bedford and District League,15,19390800,fixture information,Tony Webb minor counties collection,1
Marston v Kempston,16,19390826,match information,Tony Webb minor counties collection,1
Ridgmont v Cople,16,19390826,match information,Tony Webb minor counties collection,1
Harrold v Great Barford,16,19390826,match information,Tony Webb minor counties collection,1
Sharnbrook v Little Staughton,16,19390826,match information,Tony Webb minor counties collection,1
Great Barford Second XI v Lynton Works,16,19390826,match information,Tony Webb minor counties collection,1
Wilden And Ravensden v Ickwell Second XI,16,19390826,match information,Tony Webb minor counties collection,1
Bedford Clarence v Harpur Sports,16,19390826,match information,Tony Webb minor counties collection,1
Bedford Town Second XI v Queen's Works,16,19390826,match information,Tony Webb minor counties collection,1
Eaton Socon v Kimbolton,16,19390826,match information,Tony Webb minor counties collection,1
Bedford Cricket League fixtures,16,19390000,fixture information,Tony Webb minor counties collection,1
Bedford v Leicester,17,19390902,team information,Tony Webb minor counties collection,1
Bedford players,17,19390000,player information,Tony Webb minor counties collection,1
Berkshire v Dorset,18,19390802,match information,Tony Webb minor counties collection,1
Berkshire v Hertfordshire,19,19390731,match information,Tony Webb minor counties collection,1
Suttons v Aspro,20,19390729,match information,Tony Webb minor counties collection,1
Wargrave v Boyn Hill,20,19390729,match information,Tony Webb minor counties collection,1
Berks Club And Ground v Maidenhead And District,20,19390729,match information,Tony Webb minor counties collection,1
North Stoke v Old Redingensians,20,19390729,match information,Tony Webb minor counties collection,1
Reading Sunday v Chiswick Priory,20,19390730,match information,Tony Webb minor counties collection,1
Huntley And Palmers v Old Newburians,20,19390729,match information,Tony Webb minor counties collection,1
Berkshire v Buckinghamshire,21,19390807,match information,Tony Webb minor counties collection,1
Berkshire v Suffolk,21,19390809,match information,Tony Webb minor counties collection,1
Reading v The Ducks,22,19390806,match information,Tony Webb minor counties collection,1
Reading v Old Redingensians,22,19390807,match information,Tony Webb minor counties collection,1
Old Redingensians v Berkshire Gentlemen,22,19390728,match information,Tony Webb minor counties collection,1
Wargrave v M Pragnell's XI,22,19390807,match information,Tony Webb minor counties collection,1
Berkshire v Suffolk,23,19390812,match information,Tony Webb minor counties collection,1
Bucks v Berkshire,24,19390812,match information,Tony Webb minor counties collection,1
Dorset v Berkshire,24,19390814,match information,Tony Webb minor counties collection,1
OPF Sutton,24,19390800,biography,Tony Webb minor counties collection,1
RT Dedman,24,19390800,biography,Tony Webb minor counties collection,1
Reading v Slough,25,19390812,match information,Tony Webb minor counties collection,1
Reading v RAF Uxbridge,25,19390813,match information,Tony Webb minor counties collection,1
Ascot v Hurst,25,19390812,match information,Tony Webb minor counties collection,1
Wargrave v Mr F B Tottie's XI,25,19390810,match information,Tony Webb minor counties collection,1
Wargrave v Mr R T Robinson's XII,25,19390804,match information,Tony Webb minor counties collection,1
Wargrave v Old Cranleighans,25,19390812,match information,Tony Webb minor counties collection,1
Sutton's v Huntley And Palmers,25,19390812,match information,Tony Webb minor counties collection,1
Wokingham v Broadmoor,25,19390804,match information,Tony Webb minor counties collection,1
E L Kennedy's XI v F J P Shaw's XI,25,19390812,match information,Tony Webb minor counties collection,1
Old Redingensians v Maidenhead,25,19390812,match information,Tony Webb minor counties collection,1
Buckinghamshire v Berkshire,26,19390811,match information,Tony Webb minor counties collection,1
Chesham,26,19390816,team information,Tony Webb minor counties collection,1
Beaconsfield,26,19390813,team information,Tony Webb minor counties collection,1
Brazil,26,19390800,team information,Tony Webb minor counties collection,1
High Wycombe,26,19390800,newspaper cuttings,Tony Webb minor counties collection,1
Norfolk v Buckinghamshire,27,19390814,match information,Tony Webb minor counties collection,1
Chalfont St Peter v Chalfont St Giles,28,19390812,match information,Tony Webb minor counties collection,1
Monks Risborough v Stokenchurch,28,19390812,match information,Tony Webb minor counties collection,1
Chesham v Amersham,28,19390812,match information,Tony Webb minor counties collection,1
These Did Well player statistics,28,19390818,statistics,Tony Webb minor counties collection,1
Buckinghamshire v Norfolk,29,19390823,match information,Tony Webb minor counties collection,1
Buckinghamshire v Hertfordshire,30,19390818,match information,Tony Webb minor counties collection,1
Buckinghamshire,30,19390824,newspaper cuttings,Tony Webb minor counties collection,1
Little Marlow players,30,19390820,player information,Tony Webb minor counties collection,1
High Wycombe v Beaconsfield,31,19390819,match information,Tony Webb minor counties collection,1
Beaconsfield v South Oxfordshire Amateurs,31,19390820,match information,Tony Webb minor counties collection,1
Various players statistics,31,19390800,statistics,Tony Webb minor counties collection,1
Red Triangle v Portsmouth Amateurs,32,19390808,match information,Tony Webb minor counties collection,1
Exeter Gas Co v Dorchester Brewery,32,19390805,match information,Tony Webb minor counties collection,1
Evesham v Tewkesbury,33,19390506,match information,Tony Webb minor counties collection,1
Dumbleton v Alcester And Ragley,33,19390506,match information,Tony Webb minor counties collection,1
Bourton Vale v Winchcombe,33,19390506,match information,Tony Webb minor counties collection,1
Twyning v Corse Lawn,34,19390506,match information,Tony Webb minor counties collection,1
Bushley,34,19390506,match information,Tony Webb minor counties collection,1
Overbury v Buckland And Laverton,34,19390506,match information,Tony Webb minor counties collection,1
Ripple v Worcester Nomads,34,19390506,match information,Tony Webb minor counties collection,1
Norton v Hasfield And Tirley,34,19390506,match information,Tony Webb minor counties collection,1
Forthampton,34,19390510,team information,Tony Webb minor counties collection,1
Schoolmasters v St George,35,19390610,match information,Tony Webb minor counties collection,1
Clifton v Trowbridge,35,19390610,match information,Tony Webb minor counties collection,1
Imperial v Cardiff,35,19390610,match information,Tony Webb minor counties collection,1
Bridgwater v Bohemians,35,19390610,match information,Tony Webb minor counties collection,1
Old Bristolians v United Banks,35,19390610,match information,Tony Webb minor counties collection,1
Stapleton v Bedminster,35,19390610,match information,Tony Webb minor counties collection,1
Knowle v Stinchcombe Stragglers,35,19390610,match information,Tony Webb minor counties collection,1
Flax Bourton v Thornbury,35,19390610,match information,Tony Webb minor counties collection,1
Westbury On Trym v Weston Super Mare,35,19390610,match information,Tony Webb minor counties collection,1
Bristol YMCA v Optimists,35,19390610,match information,Tony Webb minor counties collection,1
Bath v Lansdown,35,19390610,match information,Tony Webb minor counties collection,1
Schoolmasters v St George,36,19390600,match information,Tony Webb minor counties collection,1
YMCA v Optimists,36,19390600,match information,Tony Webb minor counties collection,1
Bath v Lansdown,36,19390600,match information,Tony Webb minor counties collection,1
Gloucester v Briton Ferry Steelworks,36,19390600,match information,Tony Webb minor counties collection,1
Andersons v United Yeast Co,36,19390600,match information,Tony Webb minor counties collection,1
Cotham v Corsham,36,19390600,match information,Tony Webb minor counties collection,1
Highbridge v Taunton St James,36,19390600,match information,Tony Webb minor counties collection,1
Hortham Colony v East Compton,36,19390600,match information,Tony Webb minor counties collection,1
Burnham-On-Sea v Huntspill,36,19390600,match information,Tony Webb minor counties collection,1
Imperial v Cardiff,37,19390600,match information,Tony Webb minor counties collection,1
Clifton v Trowbridge,37,19390600,match information,Tony Webb minor counties collection,1
Bridgwater v Bohemians,37,19390600,match information,Tony Webb minor counties collection,1
Frenchay v Lodway,37,19390600,match information,Tony Webb minor counties collection,1
Old Bristolians v United Banks,37,19390600,match information,Tony Webb minor counties collection,1
CWS v Redcliffe,37,19390600,match information,Tony Webb minor counties collection,1
Schoolmasters Second XI v University Second XI,37,19390600,match information,Tony Webb minor counties collection,1
Corsham Second XI v Bath A,37,19390600,match information,Tony Webb minor counties collection,1
Gloucestershire Police v Wiltshire Police,38,19390610,match information,Tony Webb minor counties collection,1
Copechats v Burrows,39,19390708,match information,Tony Webb minor counties collection,1
Stancombe Park v Shell Mex,39,19390708,match information,Tony Webb minor counties collection,1
Oakridge Second XI v Chalford Second XI,39,19390711,match information,Tony Webb minor counties collection,1
Stroud News v JIL,39,19390707,match information,Tony Webb minor counties collection,1
Pitchcombe v Western National,39,19390710,match information,Tony Webb minor counties collection,1
Oakridge v Whiteway,39,19390708,match information,Tony Webb minor counties collection,1
Stroud Councils v King's Stanley,39,19390708,match information,Tony Webb minor counties collection,1
Stroud match list,39,19390700,team information,Tony Webb minor counties collection,1
Bohemians v Lansdown,40,19390807,match information,Tony Webb minor counties collection,1
Flax Bourton v Backwell House,40,19390807,match information,Tony Webb minor counties collection,1
Weston-Super-Mare v Knowle,40,19390800,match information,Tony Webb minor counties collection,1
Bedminster v Cardiff Touring XI,40,19390807,match information,Tony Webb minor counties collection,1
Peasedown v Widcombe Athletic,40,19390800,match information,Tony Webb minor counties collection,1
Frampton Cotterell v Bishop Road,40,19390800,match information,Tony Webb minor counties collection,1
Long Ashton v Claverham,40,19390807,match information,Tony Webb minor counties collection,1
Bohemians II v Gaflac,40,19390800,match information,Tony Webb minor counties collection,1
Long Ashton II v Bristol Tramways,41,19390800,match information,Tony Webb minor counties collection,1
Weston II v Clevedon,41,19390800,match information,Tony Webb minor counties collection,1
Bedminster II v Schoolmasters II,41,19390800,match information,Tony Webb minor counties collection,1
Shaftesbury v East Compton,41,19390800,match information,Tony Webb minor counties collection,1
Bohemians II v Lansdown II,41,19390800,match information,Tony Webb minor counties collection,1
Bohemians III v Old Bristolians III,41,19390800,match information,Tony Webb minor counties collection,1
Keynsham v Stoke Bishop,41,19390800,match information,Tony Webb minor counties collection,1
YMCA v Bedminster,42,19390819,match information,Tony Webb minor counties collection,1
Flax Bourton v Stoke Bishop,42,19390819,match information,Tony Webb minor counties collection,1
Stinchcombe v United Banks,42,19390819,match information,Tony Webb minor counties collection,1
Bridgwater v Imperial,42,19390819,match information,Tony Webb minor counties collection,1
Taunton v Schoolmasters,42,19390819,match information,Tony Webb minor counties collection,1
Bohemians v Frys,42,19390819,match information,Tony Webb minor counties collection,1
Long Ashton v Stapleton,42,19390819,match information,Tony Webb minor counties collection,1
Westbury On Trym v Clifton,42,19390819,match information,Tony Webb minor counties collection,1
Optimists v Claverham,42,19390819,match information,Tony Webb minor counties collection,1
Weston-S-Mare v Chard,42,19390819,match information,Tony Webb minor counties collection,1
Optimists v Royal Tank Corps,43,19390800,match information,Tony Webb minor counties collection,1
Optimists v Ringwood,43,19390800,match information,Tony Webb minor counties collection,1
Optimists v Bournemouth Sports,43,19390800,match information,Tony Webb minor counties collection,1
Bohemians II v Clifton II,43,19390800,match information,Tony Webb minor counties collection,1
Bohemians III v Schoolmasters A,43,19390800,match information,Tony Webb minor counties collection,1
United Yeast Co v Andersons,43,19390800,match information,Tony Webb minor counties collection,1
Long Ashton II v Stapleton II,43,19390800,match information,Tony Webb minor counties collection,1
YMCA v Bedminster,44,19390800,match information,Tony Webb minor counties collection,1
Flax Bourton v Stoke Bishop,44,19390800,match information,Tony Webb minor counties collection,1
Stinchcombe v United Banks,44,19390800,match information,Tony Webb minor counties collection,1
Bridgwater v Imperial,44,19390800,match information,Tony Webb minor counties collection,1
Taunton v Schoolmasters,44,19390800,match information,Tony Webb minor counties collection,1
Stroud v Newport,44,19390819,match information,Tony Webb minor counties collection,1
Bristol Master Bakers v Thornbury,45,19390819,match information,Tony Webb minor counties collection,1
Weston-Super-Mare v Whitchurch Heath,45,19390824,match information,Tony Webb minor counties collection,1
Rickmansworth British Legion v Dickinson's Croxley Second XI,46,19390610,match information,Tony Webb minor counties collection,1
North Met Bricket Wood And St Albans v Munden,46,19390610,match information,Tony Webb minor counties collection,1
Courtfield v St John's,46,19390610,match information,Tony Webb minor counties collection,1
Hemel Hempstead Grammar School v Parents,46,19390610,match information,Tony Webb minor counties collection,1
St Mary's Men's Guild v St Mary's Club,46,19390610,match information,Tony Webb minor counties collection,1
Aldenham School v Merchant Taylors' School,46,19390610,match information,Tony Webb minor counties collection,1
Kingham Institute Athletic v Harrow Athletic,46,19390610,match information,Tony Webb minor counties collection,1
Berkhamsted Second XI v Chesham Second XI,46,19390610,match information,Tony Webb minor counties collection,1
Leighton Buzzard Second XI v Tring Park Second XI,46,19390610,match information,Tony Webb minor counties collection,1
Benskin's v Garston Willows,46,19390610,match information,Tony Webb minor counties collection,1
Abbots Langley Second XI v Rickmansworth Second XI,46,19390610,match information,Tony Webb minor counties collection,1
LPTB Garage Amersham-Hill v Hemel Hempstead,46,19390615,match information,Tony Webb minor counties collection,1
Harpenden Second XI v Bushey Second XI,46,19390610,match information,Tony Webb minor counties collection,1
Watford British Legion v Northbank,46,19390610,match information,Tony Webb minor counties collection,1
Watford British Legion v Watford Gas Co,46,19390610,match information,Tony Webb minor counties collection,1
Balham Park v Nash Mills,46,19390610,match information,Tony Webb minor counties collection,1
Nash Mills v BDV,46,19390610,match information,Tony Webb minor counties collection,1
LMS Watford v Sun Engraving,46,19390610,match information,Tony Webb minor counties collection,1
Scammells v Rickmansworth Oddfellows,46,19390610,match information,Tony Webb minor counties collection,1
Tabernacle v St James's Baptists,46,19390610,match information,Tony Webb minor counties collection,1
WW Armstrong,46,19390614,player information,Tony Webb minor counties collection,1
Bishop's Stortford match list,47,19390700,team information,Tony Webb minor counties collection,1
Bishop's Stortford Second XI match list,47,19390700,team information,Tony Webb minor counties collection,1
Arkesden match list,47,19390700,team information,Tony Webb minor counties collection,1
Duddenhoe End match list,47,19390700,team information,Tony Webb minor counties collection,1
Elsenham match list,47,19390700,team information,Tony Webb minor counties collection,1
Mole Hill Green match list,47,19390700,team information,Tony Webb minor counties collection,1
Furnham match list,47,19390700,team information,Tony Webb minor counties collection,1
Birchanger match list,47,19390700,team information,Tony Webb minor counties collection,1
Hockerill Second XI match list,47,19390700,team information,Tony Webb minor counties collection,1
Westmill match list,47,19390700,team information,Tony Webb minor counties collection,1
Quendon Hall match list,47,19390700,team information,Tony Webb minor counties collection,1
Wanstead County School match list,47,19390700,team information,Tony Webb minor counties collection,1
Captain F Pawle's XI match list,47,19390700,team information,Tony Webb minor counties collection,1
Sawbridgeworth match list,47,19390700,team information,Tony Webb minor counties collection,1
Dunmow Second XI match list,47,19390700,team information,Tony Webb minor counties collection,1
Little Hadham match list,47,19390700,team information,Tony Webb minor counties collection,1
Sir Walter Lawrence's XI match list,47,19390700,team information,Tony Webb minor counties collection,1
Netteswell and Burnt Mill match list,47,19390700,team information,Tony Webb minor counties collection,1
Bishop's Stortford players,47,19390700,player information,Tony Webb minor counties collection,1
Saffron Walden players,47,19390610,player information,Tony Webb minor counties collection,1
Saffron Walden Second XI players,47,19390708,player information,Tony Webb minor counties collection,1
Netteswell And Burnt Mill v High Cross,47,19390611,match information,Tony Webb minor counties collection,1
Letchworth v St Albans,48,19390729,match information,Tony Webb minor counties collection,1
St Albans v Old Albanians,48,19390730,match information,Tony Webb minor counties collection,1
Herts County Club v St Albans,48,19390728,match information,Tony Webb minor counties collection,1
Herts County Club v Halleybury College,48,19390729,match information,Tony Webb minor counties collection,1
St Albans Second XI v Dickinson's,48,19390729,match information,Tony Webb minor counties collection,1
St Albans Third XI v Cell Barnes Colony,48,19390729,match information,Tony Webb minor counties collection,1
Northmet v Frogmore,48,19390730,match information,Tony Webb minor counties collection,1
Old Albanians v Abbots Langley,48,19390729,match information,Tony Webb minor counties collection,2
St Michael's v North Mymms,48,19390729,match information,Tony Webb minor counties collection,1
St Michael's Second XI v North Mymms Second XI,48,19390729,match information,Tony Webb minor counties collection,1
Harpenden Newsagents v Harpenden Dairymen,48,19390731,match information,Tony Webb minor counties collection,1
Chipperfield v Harpenden,49,19390729,match information,Tony Webb minor counties collection,2
Harpenden Second XI v Markyate,49,19390729,match information,Tony Webb minor counties collection,1
Sandridge v Bamville,49,19390729,match information,Tony Webb minor counties collection,1
Bamville v Harpenden Wednesday,49,19390730,match information,Tony Webb minor counties collection,1
Tring Park v Harpenden Wednesday,49,19390802,match information,Tony Webb minor counties collection,1
Three Counties Hospital v Leavesden Hospital,49,19390729,match information,Tony Webb minor counties collection,1
Tyttenhanger v Mercers Sports,49,19390729,match information,Tony Webb minor counties collection,1
King's Langley Second XI v Dunstable Second XI,49,19390729,match information,Tony Webb minor counties collection,1
Gibbs And Bamforth's v Baillie Sports,49,19390729,match information,Tony Webb minor counties collection,1
Gibbs And Bamforth's v Sandridge,49,19390730,match information,Tony Webb minor counties collection,1
Gorhambury Estate v Electrical Apparatus Co,49,19390729,match information,Tony Webb minor counties collection,1
Frommore v St Albans Services,49,19390729,match information,Tony Webb minor counties collection,1
Hemel Hempstead Police v Napsbury Hospital,49,19390727,match information,Tony Webb minor counties collection,1
Shenley Hospital v St Albans Thursday,49,19390729,match information,Tony Webb minor counties collection,1
Rodexicon v Hill End Hospital,50,19390729,match information,Tony Webb minor counties collection,1
Napsbury Hospital v South Mimms,50,19390729,match information,Tony Webb minor counties collection,1
Leavesden Hospital v Portland,50,19390729,match information,Tony Webb minor counties collection,2
Totternhoe v Wheathampstead,50,19390729,match information,Tony Webb minor counties collection,1
Wheathampstead v Sheen Park,50,19390730,match information,Tony Webb minor counties collection,1
Kimpton v J Mayes XI,50,19390729,match information,Tony Webb minor counties collection,1
Hatfield v Vernon's Sports,50,19390729,match information,Tony Webb minor counties collection,1
Dunley v Hatfield Hyde,50,19390730,match information,Tony Webb minor counties collection,1
Hatfield Hyde v Graveley,50,19390729,match information,Tony Webb minor counties collection,1
Hitchin Wednesday v The Willows,50,19390729,match information,Tony Webb minor counties collection,1
M A Wiggs,50,19390804,biography,Tony Webb minor counties collection,1
Radlett v Hampstead,50,19390729,match information,Tony Webb minor counties collection,1
Stanmore v Radlett,50,19390730,match information,Tony Webb minor counties collection,1
Elstree v West Herts II,50,19390729,match information,Tony Webb minor counties collection,1
Woodside Park v Redbourn,51,19390729,match information,Tony Webb minor counties collection,1
Nash Mills v Bedmond,51,19390729,match information,Tony Webb minor counties collection,1
Hatfield Hyde v Rodezion,51,19390730,match information,Tony Webb minor counties collection,1
Bushey v Lye House,52,19390729,match information,Tony Webb minor counties collection,1
West Herts v North London,52,19390729,match information,Tony Webb minor counties collection,1
Hemel Hempstead v Leighton Buzzard,52,19390729,match information,Tony Webb minor counties collection,1
Chipperfield v Harpenden,52,19390729,match information,Tony Webb minor counties collection,2
Watford Co-Op v London Co-Op,52,19390729,match information,Tony Webb minor counties collection,1
Mill End Sports v Denham,52,19390729,match information,Tony Webb minor counties collection,1
Old Merchant Taylors v Hornsey,53,19390729,match information,Tony Webb minor counties collection,1
Kings Langley v Dunstable,53,19390729,match information,Tony Webb minor counties collection,1
Leavesden Hospital v Portland,53,19390729,match information,Tony Webb minor counties collection,2
Abbots Langley v Old Albanians,53,19390729,match information,Tony Webb minor counties collection,2
Chorleywood v Chesham,53,19390729,match information,Tony Webb minor counties collection,1
Rickmansworth v Old Sandronians,53,19390729,match information,Tony Webb minor counties collection,1
Rickmansworth v Berkhamsted,54,19390729,match information,Tony Webb minor counties collection,1
M A Wiggs,54,19390000,biography,Tony Webb minor counties collection,1
Haileybury College v Herts County Club,54,19390731,match information,Tony Webb minor counties collection,1
Stanmore v Radlett,54,19390729,match information,Tony Webb minor counties collection,1
Ickenham v Stanmore,54,19390729,match information,Tony Webb minor counties collection,1
Welwyn Garden City v Abbots Langley,55,19390730,match information,Tony Webb minor counties collection,1
St Albans v Herts County Club,55,19390729,match information,Tony Webb minor counties collection,1
Chorleywood match list,55,19390000,team information,Tony Webb minor counties collection,1
Bushey match list,55,19390000,team information,Tony Webb minor counties collection,1
Old Albanians match list,55,19390000,team information,Tony Webb minor counties collection,1
Old Merchant Taylors match list,55,19390000,team information,Tony Webb minor counties collection,1
Leavesden Hospital match list,55,19390000,team information,Tony Webb minor counties collection,1
Abbots Langley match list,55,19390000,team information,Tony Webb minor counties collection,1
Northwood match list,55,19390000,team information,Tony Webb minor counties collection,1
Hemel Hempstead match list,55,19390000,team information,Tony Webb minor counties collection,1
Berkhamsted match list,55,19390000,team information,Tony Webb minor counties collection,1
Kings Langley match list,55,19390000,team information,Tony Webb minor counties collection,1
Royal Engineers match list,55,19390000,team information,Tony Webb minor counties collection,1
General Electric Co match list,55,19390000,team information,Tony Webb minor counties collection,1
LMS Watford match list,55,19390000,team information,Tony Webb minor counties collection,1
Kingham Institute match list,55,19390000,team information,Tony Webb minor counties collection,1
Aldenham match list,55,19390000,team information,Tony Webb minor counties collection,1
Watford Junction match list,55,19390000,team information,Tony Webb minor counties collection,1
Mill End Sports match list,55,19390000,team information,Tony Webb minor counties collection,1
Aldbury match list,55,19390000,team information,Tony Webb minor counties collection,1
Rickmansworth Oddfellows match list,55,19390000,team information,Tony Webb minor counties collection,1
Derby Road Tabernacle match list,55,19390000,team information,Tony Webb minor counties collection,1
Rickmansworth Second XI match list,55,19390000,team information,Tony Webb minor counties collection,1
West Herts Third XI match list,55,19390000,team information,Tony Webb minor counties collection,1
Chipperfield Second XI match list,55,19390000,team information,Tony Webb minor counties collection,1
Old Merchant Taylors Third XI match list,55,19390000,team information,Tony Webb minor counties collection,1
Garston Willows match list,55,19390000,team information,Tony Webb minor counties collection,1
Stanmore Second XI match list,55,19390000,team information,Tony Webb minor counties collection,1
T Wethered and Sons match list,55,19390000,team information,Tony Webb minor counties collection,1
Bedmond match list,55,19390000,team information,Tony Webb minor counties collection,1
Stanmore match list,55,19390000,team information,Tony Webb minor counties collection,1
Rickmansworth match list,55,19390000,team information,Tony Webb minor counties collection,1
Nash Mills match list,55,19390000,team information,Tony Webb minor counties collection,1
Watford match list,55,19390000,team information,Tony Webb minor counties collection,1
Harpenden match list,55,19390000,team information,Tony Webb minor counties collection,1
Chipperfield match list,55,19390000,team information,Tony Webb minor counties collection,1
Tring Park match list,55,19390000,team information,Tony Webb minor counties collection,1
Oaklands match list,55,19390000,team information,Tony Webb minor counties collection,1
Garston match list,55,19390000,team information,Tony Webb minor counties collection,1
Northwood Second XI match list,55,19390000,team information,Tony Webb minor counties collection,1
Bushey Second XI match list,55,19390000,team information,Tony Webb minor counties collection,1
West Herts Second XI match list,55,19390000,team information,Tony Webb minor counties collection,1
Chesham match list,55,19390000,team information,Tony Webb minor counties collection,1
Letchworth match list,55,19390000,team information,Tony Webb minor counties collection,1
Griffin match list,55,19390000,team information,Tony Webb minor counties collection,1
Watford Gas match list,55,19390000,team information,Tony Webb minor counties collection,1
Clements match list,55,19390000,team information,Tony Webb minor counties collection,1
Bishops Stortford match list,55,19390000,team information,Tony Webb minor counties collection,1
Hemel Hempstead v Wimbledon Crusaders,56,19390807,match information,Tony Webb minor counties collection,1
British Legion v North Watford,56,19390805,match information,Tony Webb minor counties collection,1
Rickmansworth v Old Spicers,56,19390807,match information,Tony Webb minor counties collection,1
Nash Mills v Little Ilford,56,19390805,match information,Tony Webb minor counties collection,1
Chipperfield v Bushey,56,19390807,match information,Tony Webb minor counties collection,1
West Watford Conservatives v North Watford Conservatives,56,19390805,match information,Tony Webb minor counties collection,1
Hertfordshire XI,56,19390817,team information,Tony Webb minor counties collection,1
Garston v West Hyde,56,19390805,match information,Tony Webb minor counties collection,1
Harpenden v West Herts,57,19390807,match information,Tony Webb minor counties collection,1
Kings Langley v Tunnel Sports Club,57,19390805,match information,Tony Webb minor counties collection,1
West Herts Second XI v Sun Of Canada,57,19390805,match information,Tony Webb minor counties collection,1
Watford Observer,57,19390800,newspaper cuttings,Tony Webb minor counties collection,1
Leavesden Hospital v Richmond Town,58,19390807,match information,Tony Webb minor counties collection,1
Abbots Langley v Mr Aldridge's XII,58,19390806,match information,Tony Webb minor counties collection,1
Abbots Langley v Mr Aldridge's XI,58,19390807,match information,Tony Webb minor counties collection,1
Bedfordshire v Hertfordshire match list,58,19390800,team information,Tony Webb minor counties collection,1
West Herts v Mill Hill Park,58,19390812,match information,Tony Webb minor counties collection,2
Kings Langley v Berkhamsted,58,19390812,match information,Tony Webb minor counties collection,3
Rickmansworth v Chorleywood,58,19390812,match information,Tony Webb minor counties collection,2
Old Merchant Taylors v Pinner,58,19390812,match information,Tony Webb minor counties collection,2
Neasden v Stanmore,58,19390812,match information,Tony Webb minor counties collection,1
Bushey v Abbots Langley,58,19390812,match information,Tony Webb minor counties collection,3
Chipperfield v Hemel Hempstead,58,19390812,match information,Tony Webb minor counties collection,3
RAF Uxbridge v West Herts Second XI,58,19390812,match information,Tony Webb minor counties collection,1
Chorleywood Second XI v Rickmansworth Second XI,58,19390812,match information,Tony Webb minor counties collection,1
Stanmore Second XI v Neasden Second XI,58,19390812,match information,Tony Webb minor counties collection,1
Abbots Langley Second XI v Bushey Second XI,58,19390812,match information,Tony Webb minor counties collection,2
Watford v West Herts Third XI,58,19390812,match information,Tony Webb minor counties collection,1
Hemel Hempstead Second XI v Chipperfield Second XI,58,19390812,match information,Tony Webb minor counties collection,1
Berkhamsted Second XI v Kings Langley Second XI,58,19390812,match information,Tony Webb minor counties collection,1
St James's v Leavesden-Road Baptists,58,19390812,match information,Tony Webb minor counties collection,1
Rickmansworth Water Co v Rickmansworth Oddfellows,58,19390812,match information,Tony Webb minor counties collection,1
Sun Engraving v IMS Watford,58,19390812,match information,Tony Webb minor counties collection,1
Aldenham v Nash Mills,58,19390812,match information,Tony Webb minor counties collection,3
Watford British Legion v Kingham Athletic,58,19390812,match information,Tony Webb minor counties collection,1
Stanmore v Lord's Ground Staff,58,19390806,match information,Tony Webb minor counties collection,1
Old Merchant Taylors v South Wanstead,58,19390806,match information,Tony Webb minor counties collection,1
Rickmansworth v Mr Bater's XI,58,19390806,match information,Tony Webb minor counties collection,1
Watford v Postals,58,19390809,match information,Tony Webb minor counties collection,1
Griffin v Riverside,58,19390809,match information,Tony Webb minor counties collection,1
Watford Gas v Watford Co-Op,58,19390809,match information,Tony Webb minor counties collection,1
Buckinghamshire v Hertfordshire,58,19390810,match information,Tony Webb minor counties collection,1
Buckinghamshire v Hertfordshire Second Day,58,19390804,match information,Tony Webb minor counties collection,1
Old Berkhamstedians v Herts County Club,59,19390811,match information,Tony Webb minor counties collection,1
St Albans v Sinclairians,59,19390813,match information,Tony Webb minor counties collection,1
St Albans v Luton,59,19390812,match information,Tony Webb minor counties collection,1
St Michael's Second XI v Hatfield Second XI,59,19390812,match information,Tony Webb minor counties collection,1
Old Albanians v Shenley Hospital,59,19390812,match information,Tony Webb minor counties collection,1
Old Albanians v Audentior,59,19390813,match information,Tony Webb minor counties collection,1
Old Albanians Second XI v Frogmore,59,19390812,match information,Tony Webb minor counties collection,1
Wheathampstead v St Albans Services,59,19390812,match information,Tony Webb minor counties collection,1
Wheathampstead v Rodexicon,59,19390813,match information,Tony Webb minor counties collection,1
Gibbs And Bamforth v Stephen Clark XI,60,19390813,match information,Tony Webb minor counties collection,1
Gibbs And Bamforth v Clare Hall,60,19390812,match information,Tony Webb minor counties collection,1
Vernon Sports v Litholite,60,19390812,match information,Tony Webb minor counties collection,1
St Michael v London Colney,60,19390812,match information,Tony Webb minor counties collection,1
London Colney v South Kensington Amateurs,60,19390813,match information,Tony Webb minor counties collection,1
Radlett v Harpenden,60,19390812,match information,Tony Webb minor counties collection,1
Harpenden Second XI v Radlett Second XI,60,19390812,match information,Tony Webb minor counties collection,1
Welwyn Garden City v Stevenage,60,19390812,match information,Tony Webb minor counties collection,1
Bernards Heath v Barnville,60,19390813,match information,Tony Webb minor counties collection,1
Harpenden Wednesday v Tring Park,61,19390812,match information,Tony Webb minor counties collection,1
Sandridge v Radlett Wednesday,61,19390813,match information,Tony Webb minor counties collection,1
Napsbury v Mr Page's XI,61,19390812,match information,Tony Webb minor counties collection,1
Welwyn Garden City II v Stevenage II,61,19390812,match information,Tony Webb minor counties collection,1
Welwyn Garden City v De Havilland's,61,19390813,match information,Tony Webb minor counties collection,1
Tyttenhanger v Ramville,61,19390812,match information,Tony Webb minor counties collection,1
Elstree v Old Johnians,61,19390812,match information,Tony Webb minor counties collection,1
Elstree v Thornhill,61,19390813,match information,Tony Webb minor counties collection,1
Cell Barnes Colony v Hatfield,61,19390812,match information,Tony Webb minor counties collection,1
Middlesex Colony v Runwell Hospital,61,19390812,match information,Tony Webb minor counties collection,1
North Mymms v Brunswick,61,19390812,match information,Tony Webb minor counties collection,1
Berkhamsted II v King's Langley II,61,19390812,match information,Tony Webb minor counties collection,1
Leavesden v Wembley Wanderers,62,19390812,match information,Tony Webb minor counties collection,1
Napsbury v Stanmore,62,19390812,match information,Tony Webb minor counties collection,1
Westbourne v Markyate,62,19390812,match information,Tony Webb minor counties collection,1
Aldenham v Nash Mills,62,19390812,match information,Tony Webb minor counties collection,3
Hitchin v Redbourn,62,19390812,match information,Tony Webb minor counties collection,1
Sun Engraving Second XI v Bricket Wood And Munden,62,19390812,match information,Tony Webb minor counties collection,1
Chipperfield v Hemel Hempstead,62,19390812,match information,Tony Webb minor counties collection,3
Hatfield Hyde v Knebworth,62,19390812,match information,Tony Webb minor counties collection,1
The Week's Fixtures,62,19390800,fixture information,Tony Webb minor counties collection,1
St Albans v The Wanderers,62,19390816,match information,Tony Webb minor counties collection,1
St Albans v Band Of Bachelors,62,19390813,match information,Tony Webb minor counties collection,1
Abbots Langley v Bushey,63,19390812,match information,Tony Webb minor counties collection,3
Abbot's Langley Second XI v Bushey Second XI,63,19390812,match information,Tony Webb minor counties collection,2
Sandridge v Mid Herts Referees,63,19390812,match information,Tony Webb minor counties collection,1
Kings Langley v Berkhamsted,63,19390812,match information,Tony Webb minor counties collection,3
Stanmore v Lord's Ground Staff,64,19390812,match information,Tony Webb minor counties collection,1
Odhams v Hill End Hospital,64,19390812,match information,Tony Webb minor counties collection,1
West Herts II v RAF Uxbridge,64,19390812,match information,Tony Webb minor counties collection,1
Rickmansworth v J A Bates's XI,64,19390812,match information,Tony Webb minor counties collection,1
Chorleywood II v Rickmansworth II,64,19390812,match information,Tony Webb minor counties collection,1
Sun Engraving II v Bricket Wood And Munden,64,19390812,match information,Tony Webb minor counties collection,1
Berkhamsted School Old Boys v Herts County Club,64,19390811,match information,Tony Webb minor counties collection,1
Kings Langley v Berkhamsted,64,19390812,match information,Tony Webb minor counties collection,3
Mill End Sports v Colne Valley Electric Co,64,19390812,match information,Tony Webb minor counties collection,1
Rickmansworth v Chorleywood,65,19390812,match information,Tony Webb minor counties collection,2
Aldenham v Nash Mills,65,19390812,match information,Tony Webb minor counties collection,3
Garston v Rembrandt,65,19390812,match information,Tony Webb minor counties collection,1
Leavesden Hospital v Wembley Wanderers,65,19390812,match information,Tony Webb minor counties collection,1
Old Merchant Taylors v Pinner,65,19390812,match information,Tony Webb minor counties collection,2
Chipperfield v Hemel Hempstead,66,19390812,match information,Tony Webb minor counties collection,3
Watford Junction v Aquatics,66,19390812,match information,Tony Webb minor counties collection,1
LBTB (hammersmith) v Garston,66,19390812,match information,Tony Webb minor counties collection,1
West Herts v Mill Hill Park,66,19390812,match information,Tony Webb minor counties collection,2
Abbots Langley v Bushey,66,19390812,match information,Tony Webb minor counties collection,3
Club Cricket,67,19390800,newspaper cuttings,Tony Webb minor counties collection,1
Building Research v FTS,67,19390812,match information,Tony Webb minor counties collection,1
Welwyn v Kings Langley,67,19390819,match information,Tony Webb minor counties collection,1
Stanmore v Leavesden Mental Hospital,67,19390819,match information,Tony Webb minor counties collection,1
Wembley v Rickmansworth,67,19390819,match information,Tony Webb minor counties collection,2
Abbots Langley v Chipperfield,67,19390819,match information,Tony Webb minor counties collection,2
Chorleywood v Bushey,67,19390819,match information,Tony Webb minor counties collection,1
West Herts Second XI v Harefield Sanatorium,67,19390819,match information,Tony Webb minor counties collection,2
Kimcham Athletic v Vernon's Sports,67,19390819,match information,Tony Webb minor counties collection,1
Dickinson's Croxley v LMS Watford,67,19390819,match information,Tony Webb minor counties collection,1
Sarratt v Nash Mills,67,19390819,match information,Tony Webb minor counties collection,2
Watford Junction v Aldenham,67,19390819,match information,Tony Webb minor counties collection,1
Rickmansworth Oddfellows v Scammells,67,19390819,match information,Tony Webb minor counties collection,1
St John's v Leavesden-Road Baptists,67,19390819,match information,Tony Webb minor counties collection,1
Munden And Bricket Wood v Garston,67,19390819,match information,Tony Webb minor counties collection,1
Mill End Sports v Rickmansworth British Legion,67,19390819,match information,Tony Webb minor counties collection,2
Shepherds Bush III v West Herts III,67,19390819,match information,Tony Webb minor counties collection,1
Bushey II v Chorleywood II,67,19390819,match information,Tony Webb minor counties collection,1
Abbots Langley v Herts Ramblers,67,19390813,match information,Tony Webb minor counties collection,1
Rickmansworth v London Australians,67,19390813,match information,Tony Webb minor counties collection,1
Stanmore v Wembley,67,19390813,match information,Tony Webb minor counties collection,1
Herts v Berks,67,19390814,match information,Tony Webb minor counties collection,1
Herts v Berks,67,19390815,match information,Tony Webb minor counties collection,1
Young Amateurs v Gentlemen Of Herts,67,19390816,match information,Tony Webb minor counties collection,1
Grovin v Watford Co-Op,67,19390812,match information,Tony Webb minor counties collection,1
Postals v Watford Gas,67,19390812,match information,Tony Webb minor counties collection,1
Croxley v Riverside,67,19390812,match information,Tony Webb minor counties collection,1
Old Merchant Taylors,67,19390819,team information,Tony Webb minor counties collection,1
Don Yates,67,19390812,biography,Tony Webb minor counties collection,1
W Townley,67,19390812,biography,Tony Webb minor counties collection,1
Starred Selections,67,19390812,statistics,Tony Webb minor counties collection,1
Nash Mills v Independents,67,19390812,match information,Tony Webb minor counties collection,1
Welwyn Garden City v Kings Langley,68,19390819,match information,Tony Webb minor counties collection,1
North Watford Conservatives v Ogee Sports,68,19390820,match information,Tony Webb minor counties collection,1
Abbots Langley v Chipperfield,68,19390819,match information,Tony Webb minor counties collection,2
West Herts Second XI v Harefield Sanatorium,68,19390819,match information,Tony Webb minor counties collection,2
Abbots Langley v Herts Ramblers,69,19390820,match information,Tony Webb minor counties collection,1
Leighton Buzzard v Hemel Hempstead,69,19390819,match information,Tony Webb minor counties collection,1
Rickmansworth v London Australians,69,19390820,match information,Tony Webb minor counties collection,1
Rickmansworth v Wembley,69,19390819,match information,Tony Webb minor counties collection,2
Bricket Wood And Munden v Garston,69,19390819,match information,Tony Webb minor counties collection,1
Sarratt v Nash Mills,69,19390819,match information,Tony Webb minor counties collection,2
Mill End Sports v Rickmansworth British Legion,69,19390819,match information,Tony Webb minor counties collection,2
Stanmore v Leavesden Hospital,70,19390819,match information,Tony Webb minor counties collection,1
Stanmore v Wembley,70,19390820,match information,Tony Webb minor counties collection,1
West Herts v Southern Railway,70,19390819,match information,Tony Webb minor counties collection,1
Edmonds Shield league information,70,19390800,league information,Tony Webb minor counties collection,1
West Herts match list,70,19390800,team information,Tony Webb minor counties collection,1
Broxbourne v Stevenage,71,19390819,match information,Tony Webb minor counties collection,2
Stevenage II v Little Wymondley,71,19390819,match information,Tony Webb minor counties collection,1
Leavesden MH v Three Counties MH,71,19390816,match information,Tony Webb minor counties collection,1
Preston v Weston,71,19390819,match information,Tony Webb minor counties collection,2
London Brick Co. Arlesey v Tottenham Gas Co. Hitchin,71,19390819,match information,Tony Webb minor counties collection,1
RAF Henlow v Hitchin Wednesday,71,19390823,match information,Tony Webb minor counties collection,1
Hertford II v Knebworth Park,71,19390819,match information,Tony Webb minor counties collection,1
Offley v Luton Hoo,71,19390819,match information,Tony Webb minor counties collection,2
Ashwell v Spirella,71,19390819,match information,Tony Webb minor counties collection,1
Sprella v Henlow II,72,19390819,match information,Tony Webb minor counties collection,1
Henlow II v Three Counties A,72,19390819,match information,Tony Webb minor counties collection,1
Graveley v Hitchin United,72,19390819,match information,Tony Webb minor counties collection,2
Ransoms v The Icknield,72,19390819,match information,Tony Webb minor counties collection,1
Henlow v RAF Cardington,72,19390819,match information,Tony Webb minor counties collection,2
King's Walden v Barclays Bank,72,19390819,match information,Tony Webb minor counties collection,2
Bedford v Hitchin,73,19390819,match information,Tony Webb minor counties collection,2
Three Counties Hospital v Leavesden,73,19390816,match information,Tony Webb minor counties collection,1
Henlow v Cardington Airmen,73,19390819,match information,Tony Webb minor counties collection,1
Henlow Second XI v Three Counties A,73,19390819,match information,Tony Webb minor counties collection,1
Broxbourne v Stevenage,73,19390819,match information,Tony Webb minor counties collection,2
Stevenage Second XI v Little Wymondley,73,19390819,match information,Tony Webb minor counties collection,1
Hertford Second XI v Knebworth Park,73,19390819,match information,Tony Webb minor counties collection,1
Graveley v Hitchin United,73,19390819,match information,Tony Webb minor counties collection,2
Kimpton v Luton Boys Club,73,19390819,match information,Tony Webb minor counties collection,1
Kings Walden v Barclays Bank,73,19390819,match information,Tony Webb minor counties collection,2
Offley v Luton Hoo,73,19390819,match information,Tony Webb minor counties collection,2
Weston v Preston,73,19390819,match information,Tony Webb minor counties collection,2
Ransoms v Icknield,73,19390819,match information,Tony Webb minor counties collection,1
Cricket Notes,73,19390800,newspaper cuttings,Tony Webb minor counties collection,1
Hertfordshire Express match list,73,19390800,team information,Tony Webb minor counties collection,1
West Herts player statistics,74,19390000,statistics,Tony Webb minor counties collection,1
Kings Langley,74,19391006,newspaper cuttings,Tony Webb minor counties collection,1
Norton v Sheerness Technical Institute,75,19390610,match information,Tony Webb minor counties collection,1
Hartlip v Old Anchorians,75,19390610,match information,Tony Webb minor counties collection,1
Stockbury v Smithery Sports,75,19390610,match information,Tony Webb minor counties collection,1
Rainham v Tunstall,75,19390610,match information,Tony Webb minor counties collection,1
West Farleigh v Sittingbourne Wednesday,75,19390614,match information,Tony Webb minor counties collection,1
Cricket Fixtures,75,19390610,fixture information,Tony Webb minor counties collection,1
Old Bordenians v Faversham Alliance,75,19390613,match information,Tony Webb minor counties collection,1
Kent v Essex,76,19390909,match information,Tony Webb minor counties collection,1
Kent v Yorkshire,76,19390909,match information,Tony Webb minor counties collection,1
Kent v Worcestershire,76,19390909,match information,Tony Webb minor counties collection,1
Kent v Nottinghamshire,76,19390909,match information,Tony Webb minor counties collection,1
Kent v Hampshire,76,19390909,match information,Tony Webb minor counties collection,1
Kent v Derbyshire,76,19390909,match information,Tony Webb minor counties collection,1
Kent v Sussex,76,19390909,match information,Tony Webb minor counties collection,1
Kent v Glamorgan,76,19390909,match information,Tony Webb minor counties collection,1
Kent v Leicestershire,76,19390909,match information,Tony Webb minor counties collection,1
Kent v Somerset,76,19390909,match information,Tony Webb minor counties collection,1
Kent v Gloucestershire,76,19390909,match information,Tony Webb minor counties collection,1
Kent v Surrey,76,19390909,match information,Tony Webb minor counties collection,1
Kent v Middlesex,76,19390909,match information,Tony Webb minor counties collection,1
Kent v Lancashire,76,19390909,match information,Tony Webb minor counties collection,1
Kent player statistics,76,19390000,statistics,Tony Webb minor counties collection,1
Kent Club and Ground player statistics,76,19390000,statistics,Tony Webb minor counties collection,1
March Town v Lowestoft Town,77,19390819,match information,Tony Webb minor counties collection,1
Sheringham v Varsity And Public Schools Camp,77,19390819,match information,Tony Webb minor counties collection,1
Norfolk v Cambridgeshire,77,19390825,match information,Tony Webb minor counties collection,1
Sandringham Devons v Hot Days,77,19390819,match information,Tony Webb minor counties collection,1
King's Lynn Bakers v King's Lynn Hairdressers,77,19390819,match information,Tony Webb minor counties collection,1
Heckingham Institution v Norwich Busmen,77,19390819,match information,Tony Webb minor counties collection,1
Billingford v Bintry,77,19390819,match information,Tony Webb minor counties collection,1
