matchup,page,date,content_type,collection,record_id
Reading School player statistics,16,18950700,statistics,Tony Webb minor counties collection,
Reading School team aggregates,16,18950700,statistics,Tony Webb minor counties collection,
Sunningdale School player statistics,18,18950000,statistics,Tony Webb minor counties collection,
Sunningdale School team aggregates,18,18950000,statistics,Tony Webb minor counties collection,
Mr T. W. Girdlestone's XI player statistics,19,18950000,statistics,Tony Webb minor counties collection,
Mr T. W. Girdlestone's XI team aggregates,19,18950000,statistics,Tony Webb minor counties collection,
Abingdon player statistics,24,18950000,statistics,Tony Webb minor counties collection,
Abingdon team aggregates,24,18950000,statistics,Tony Webb minor counties collection,
Newbury player statistics,25,18950000,statistics,Tony Webb minor counties collection,
Newbury team aggregates,25,18950000,statistics,Tony Webb minor counties collection,
Speen player statistics,26,18950000,statistics,Tony Webb minor counties collection,
Speen team aggregates,26,18950000,statistics,Tony Webb minor counties collection,
Newtown team aggregates,26,18950000,statistics,Tony Webb minor counties collection,
49th Regimental District player statistics,27,18950000,statistics,Tony Webb minor counties collection,
49th Regimental District team aggregates,27,18950000,statistics,Tony Webb minor counties collection,
Royal Berks Seed Establishment player statistics,27,18950000,statistics,Tony Webb minor counties collection,
Royal Berks Seed Establishment team aggregates,27,18950000,statistics,Tony Webb minor counties collection,
Biscuit Factory player statistics,27,18950000,statistics,Tony Webb minor counties collection,
Biscuit Factory team aggregates,27,18950000,statistics,Tony Webb minor counties collection,
Royal Berks Seed Establishment player statistics,28,18950000,statistics,Tony Webb minor counties collection,
Royal Berks Seed Establishment team aggregates,28,18950000,statistics,Tony Webb minor counties collection,
Sunningdale School player statistics,28,18950000,statistics,Tony Webb minor counties collection,
Sunningdale School team aggregates,28,18950000,statistics,Tony Webb minor counties collection,
Biscuit Factory player statistics,28,18950000,statistics,Tony Webb minor counties collection,
Biscuit Factory team aggregates,28,18950000,statistics,Tony Webb minor counties collection,
Lechlade player statistics,29,18950000,statistics,Tony Webb minor counties collection,
Lechlade team aggregates,29,18950000,statistics,Tony Webb minor counties collection,
Maidenhead player statistics,30,18950000,statistics,Tony Webb minor counties collection,
Maidenhead team aggregates,30,18950000,statistics,Tony Webb minor counties collection,
Woodland player statistics,54,18950000,statistics,Tony Webb minor counties collection,
Liverpool player statistics,58,18950000,statistics,Tony Webb minor counties collection,
Liverpool team aggregates,58,18950000,statistics,Tony Webb minor counties collection,
Northern player statistics,58,18950000,statistics,Tony Webb minor counties collection,
Birkenhead Victoria player statistics,58,18950000,statistics,Tony Webb minor counties collection,
Presco player statistics,58,18950000,statistics,Tony Webb minor counties collection,
Formby player statistics,58,18950000,statistics,Tony Webb minor counties collection,
Birkenhead Park player statistics,59,18950000,statistics,Tony Webb minor counties collection,
Birkenhead Park team aggregates,59,18950000,statistics,Tony Webb minor counties collection,
Park A player statistics,59,18950000,statistics,Tony Webb minor counties collection,
Rock Ferry Second XI player statistics,59,18950000,statistics,Tony Webb minor counties collection,
Rock Ferry Second XI team aggregates,59,18950000,statistics,Tony Webb minor counties collection,
Oxton player statistics,59,18950000,statistics,Tony Webb minor counties collection,
Oxton team aggregates,59,18950000,statistics,Tony Webb minor counties collection,
Rock Ferry player statistics,59,18950000,statistics,Tony Webb minor counties collection,
Rock Ferry team aggregates,59,18950000,statistics,Tony Webb minor counties collection,
St Aidan player statistics,59,18950000,statistics,Tony Webb minor counties collection,
St Aidan team aggregates,59,18950000,statistics,Tony Webb minor counties collection,
Birkenhead Victoria First XI player statistics,59,18950000,statistics,Tony Webb minor counties collection,
Birkenhead Victoria First XI team aggregates,59,18950000,statistics,Tony Webb minor counties collection,
Birkenhead Park player statistics,60,18950000,statistics,Tony Webb minor counties collection,
Birkenhead Park team aggregates,60,18950000,statistics,Tony Webb minor counties collection,
Rock Ferry player statistics,60,18950000,statistics,Tony Webb minor counties collection,
Rock Ferry team aggregates,60,18950000,statistics,Tony Webb minor counties collection,
Oxton player statistics,60,18950000,statistics,Tony Webb minor counties collection,
Oxton team aggregates,60,18950000,statistics,Tony Webb minor counties collection,
Birkenhead Victoria player statistics,60,18950000,statistics,Tony Webb minor counties collection,
Birkenhead Victoria team aggregates,60,18950000,statistics,Tony Webb minor counties collection,
Birkenhead Park player statistics,61,18950000,statistics,Tony Webb minor counties collection,
Rock Ferry team aggregates,61,18950000,statistics,Tony Webb minor counties collection,
Rock Ferry player statistics,61,18950000,statistics,Tony Webb minor counties collection,
Oxton team aggregates,61,18950000,statistics,Tony Webb minor counties collection,
Oxton player statistics,61,18950000,statistics,Tony Webb minor counties collection,
Birkenhead Victoria team aggregates,61,18950000,statistics,Tony Webb minor counties collection,
Birkenhead Victoria player statistics,61,18950000,statistics,Tony Webb minor counties collection,
Truro player statistics,68,18950000,statistics,Tony Webb minor counties collection,
Bournemouth player statistics,80,18950000,statistics,Tony Webb minor counties collection,
Bournemouth team aggregates,80,18950000,statistics,Tony Webb minor counties collection,
Pylewell Park player statistics,80,18950000,statistics,Tony Webb minor counties collection,
Arnold College player statistics,81,18950000,statistics,Tony Webb minor counties collection,
Arnold College team aggregates,81,18950000,statistics,Tony Webb minor counties collection,
Durham County Senior League Northern Division team aggregates,86,18950000,statistics,Tony Webb minor counties collection,
West Herts player statistics,120,18950700,statistics,Tony Webb minor counties collection,
West Herts team aggregates,120,18950700,statistics,Tony Webb minor counties collection,
St Albans player statistics,121,18950800,statistics,Tony Webb minor counties collection,
St Albans team aggregates,121,18950800,statistics,Tony Webb minor counties collection,
Leading batsmen player statistics,43,18950800,statistics,Tony Webb minor counties collection,
Cardiff and District League team aggregates,93,18950700,statistics,Tony Webb minor counties collection,
Herts player statistics,126,18950000,statistics,Tony Webb minor counties collection,
West Herts player statistics,137,18950000,statistics,Tony Webb minor counties collection,
West Herts team aggregates,137,18950000,statistics,Tony Webb minor counties collection,
West Herts player statistics,138,18950000,statistics,Tony Webb minor counties collection,
Hertfordshire player statistics,138,18950000,statistics,Tony Webb minor counties collection,
Bedfordshire player statistics,140,18950000,statistics,Tony Webb minor counties collection,
Hitchin player statistics,140,18950000,statistics,Tony Webb minor counties collection,
Baldock player statistics,140,18950000,statistics,Tony Webb minor counties collection,
Hitchin Blue Cross Temperance Brigade player statistics,140,18950000,statistics,Tony Webb minor counties collection,
Welwyn player statistics,140,18950000,statistics,Tony Webb minor counties collection,
Dunstable Town player statistics,141,18950000,statistics,Tony Webb minor counties collection,
Dunstable Town team aggregates,141,18950000,statistics,Tony Webb minor counties collection,
Three Counties Asylum player statistics,141,18950000,statistics,Tony Webb minor counties collection,
Three Counties Asylum team aggregates,141,18950000,statistics,Tony Webb minor counties collection,
Hertford Caxtonian player statistics,141,18950000,statistics,Tony Webb minor counties collection,
Hertford Caxtonian team aggregates,141,18950000,statistics,Tony Webb minor counties collection,
Lilley player statistics,141,18950000,statistics,Tony Webb minor counties collection,
Lilley team aggregates,141,18950000,statistics,Tony Webb minor counties collection,
Beeston and District player statistics,141,18950000,statistics,Tony Webb minor counties collection,
Silsoe player statistics,141,18950000,statistics,Tony Webb minor counties collection,
Silsoe team aggregates,141,18950000,statistics,Tony Webb minor counties collection,
Hatfield player statistics,141,18950000,statistics,Tony Webb minor counties collection,
Hatfield team aggregates,141,18950000,statistics,Tony Webb minor counties collection,
Leicestershire player statistics,144,18950000,statistics,Tony Webb minor counties collection,
Leicestershire team aggregates,144,18950000,statistics,Tony Webb minor counties collection,
Skegness and District player statistics,151,18950000,statistics,Tony Webb minor counties collection,
Skegness and District team aggregates,151,18950000,statistics,Tony Webb minor counties collection,
Sleaford player statistics,152,18950000,statistics,Tony Webb minor counties collection,
Grantham Town player statistics,153,18950000,statistics,Tony Webb minor counties collection,
Grantham Town team aggregates,153,18950000,statistics,Tony Webb minor counties collection,
Grantham Amateurs player statistics,154,18950000,statistics,Tony Webb minor counties collection,
Grantham Amateurs team aggregates,154,18950000,statistics,Tony Webb minor counties collection,
Burghley Park player statistics,155,18950000,statistics,Tony Webb minor counties collection,
Burghley Park team aggregates,155,18950000,statistics,Tony Webb minor counties collection,
Newport player statistics,158,18950000,statistics,Tony Webb minor counties collection,
Newport team aggregates,158,18950000,statistics,Tony Webb minor counties collection,
Wellingborough Masters player statistics,174,18950000,statistics,Tony Webb minor counties collection,
Wellingborough Grammar School player statistics,174,18950000,statistics,Tony Webb minor counties collection,
Abingdon player statistics,199,18950000,statistics,Tony Webb minor counties collection,
Thame player statistics,199,18950000,statistics,Tony Webb minor counties collection,
Thame player statistics,200,18950000,statistics,Tony Webb minor counties collection,
Chester and District League team aggregates,201,18950000,statistics,Tony Webb minor counties collection,
Chester and District League team aggregates,202,18950000,statistics,Tony Webb minor counties collection,
Chester and District League team aggregates,203,18950000,statistics,Tony Webb minor counties collection,
North Staffordshire and District League team aggregates,204,18950600,statistics,Tony Webb minor counties collection,
Silverdale player statistics,212,18950000,statistics,Tony Webb minor counties collection,
North Staffordshire and District League team aggregates,212,18950600,statistics,Tony Webb minor counties collection,
North Staffordshire and District Cricket League team aggregates,214,18950800,statistics,Tony Webb minor counties collection,
North Staffordshire and District Cricket League player statistics,214,18950700,statistics,Tony Webb minor counties collection,
North Staffordshire and District Cricket League team aggregates,219,18950000,statistics,Tony Webb minor counties collection,
Nantwich player statistics,219,18950000,statistics,Tony Webb minor counties collection,
Fenton player statistics,219,18950000,statistics,Tony Webb minor counties collection,
Essex player statistics,227,18950000,statistics,Tony Webb minor counties collection,
Nottinghamshire player statistics,227,18950000,statistics,Tony Webb minor counties collection,
Derbyshire player statistics,227,18950000,statistics,Tony Webb minor counties collection,
Yorkshire player statistics,227,18950000,statistics,Tony Webb minor counties collection,
Surrey team aggregates,227,18950000,statistics,Tony Webb minor counties collection,
Lancashire team aggregates,227,18950000,statistics,Tony Webb minor counties collection,
Yorkshire team aggregates,227,18950000,statistics,Tony Webb minor counties collection,
Gloucestershire team aggregates,227,18950000,statistics,Tony Webb minor counties collection,
Derbyshire team aggregates,227,18950000,statistics,Tony Webb minor counties collection,
Warwickshire team aggregates,227,18950000,statistics,Tony Webb minor counties collection,
Middlesex team aggregates,227,18950000,statistics,Tony Webb minor counties collection,
Hampshire team aggregates,227,18950000,statistics,Tony Webb minor counties collection,
Essex team aggregates,227,18950000,statistics,Tony Webb minor counties collection,
Somerset team aggregates,227,18950000,statistics,Tony Webb minor counties collection,
Sussex team aggregates,227,18950000,statistics,Tony Webb minor counties collection,
Leicestershire team aggregates,227,18950000,statistics,Tony Webb minor counties collection,
Kent team aggregates,227,18950000,statistics,Tony Webb minor counties collection,
Nottinghamshire team aggregates,227,18950000,statistics,Tony Webb minor counties collection,
Wilts County Asylum player statistics,228,18950000,statistics,Tony Webb minor counties collection,
Wilts County Asylum team aggregates,228,18950000,statistics,Tony Webb minor counties collection,
Stourbridge player statistics,235,18950000,statistics,Tony Webb minor counties collection,
Birmingham League team aggregates,236,18950000,statistics,Tony Webb minor counties collection,
Stourbridge and District Bowling League team aggregates,236,18950000,statistics,Tony Webb minor counties collection,
Stourbridge player statistics,239,18950000,statistics,Tony Webb minor counties collection,
Birmingham League team aggregates,239,18950800,statistics,Tony Webb minor counties collection,
Aston Unity team aggregates,240,18950000,statistics,Tony Webb minor counties collection,
Dudley team aggregates,240,18950000,statistics,Tony Webb minor counties collection,
Handsworth Wood team aggregates,240,18950000,statistics,Tony Webb minor counties collection,
Kidderminster team aggregates,240,18950000,statistics,Tony Webb minor counties collection,
Moseley team aggregates,240,18950000,statistics,Tony Webb minor counties collection,
Smethwick team aggregates,240,18950000,statistics,Tony Webb minor counties collection,
Stourbridge team aggregates,240,18950000,statistics,Tony Webb minor counties collection,
Walsall team aggregates,240,18950000,statistics,Tony Webb minor counties collection,
West Bromwich Darlaston team aggregates,240,18950000,statistics,Tony Webb minor counties collection,
